{
  "project_info": {
    "project_number": "639686247242",
    "project_id": "rocking-equestrian",
    "storage_bucket": "rocking-equestrian.appspot.com"
  },
  "client": [
    {
      "client_info": {
        "mobilesdk_app_id": "1:639686247242:android:1b5fd007f34e50ce3577b3",
        "android_client_info": {
          "package_name": "com.umais058.rockingequestrian"
        }
      },
      "oauth_client": [
        {
          "client_id": "639686247242-750dthfofrnsh22ul1omjnbta26ldd7i.apps.googleusercontent.com",
          "client_type": 1,
          "android_info": {
            "package_name": "com.umais058.rockingequestrian",
            "certificate_hash": "cfd130b40c552d67b15d239ab060d8624d17bf6e"
          }
        },
        {
          "client_id": "639686247242-na8i51k1kjse7b8m8upifs4a3uf84vfp.apps.googleusercontent.com",
          "client_type": 1,
          "android_info": {
            "package_name": "com.umais058.rockingequestrian",
            "certificate_hash": "51ce962b021629b2a9a652e70d242723564a477b"
          }
        },
        {
          "client_id": "639686247242-kp0tocdqsgik5003t6fges6ssn2jtfs5.apps.googleusercontent.com",
          "client_type": 3
        }
      ],
      "api_key": [
        {
          "current_key": "AIzaSyDccGzS1uWE5rLRvZb6zVNX7dCCnxonbU4"
        }
      ],
      "services": {
        "appinvite_service": {
          "other_platform_oauth_client": [
            {
              "client_id": "639686247242-kp0tocdqsgik5003t6fges6ssn2jtfs5.apps.googleusercontent.com",
              "client_type": 3
            },
            {
              "client_id": "639686247242-ijm0qfedqg1ppofaa6s6592nfl09i7f3.apps.googleusercontent.com",
              "client_type": 2,
              "ios_info": {
                "bundle_id": "com.umais058.rockingequestrian"
              }
            }
          ]
        }
      }
    }
  ],
  "configuration_version": "1"
}